C:\Deep-Learning\Finalproject\track2\IMG\center_2019_05_11_21_54_58_218.jpg, C:\Deep-Learning\Finalproject\track2\IMG\left_2019_05_11_21_54_58_218.jpg, C:\Deep-Learning\Finalproject\track2\IMG\right_2019_05_11_21_54_58_218.jpg, 0, 0, 0, 5.152333E-05
C:\Deep-Learning\Finalproject\track2\IMG\center_2019_05_11_21_54_58_320.jpg, C:\Deep-Learning\Finalproject\track2\IMG\left_2019_05_11_21_54_58_320.jpg, C:\Deep-Learning\Finalproject\track2\IMG\right_2019_05_11_21_54_58_320.jpg, 0, 0, 0, 5.342076E-05
C:\Deep-Learning\Finalproject\track2\IMG\center_2019_05_11_21_54_58_425.jpg, C:\Deep-Learning\Finalproject\track2\IMG\left_2019_05_11_21_54_58_425.jpg, C:\Deep-Learning\Finalproject\track2\IMG\right_2019_05_11_21_54_58_425.jpg, 0, 0, 0, 5.787623E-05
C:\Deep-Learning\Finalproject\track2\IMG\center_2019_05_11_21_54_58_526.jpg, C:\Deep-Learning\Finalproject\track2\IMG\left_2019_05_11_21_54_58_526.jpg, C:\Deep-Learning\Finalproject\track2\IMG\right_2019_05_11_21_54_58_526.jpg, 0, 0, 0, 6.005816E-05
C:\Deep-Learning\Finalproject\track2\IMG\center_2019_05_11_21_54_58_628.jpg, C:\Deep-Learning\Finalproject\track2\IMG\left_2019_05_11_21_54_58_628.jpg, C:\Deep-Learning\Finalproject\track2\IMG\right_2019_05_11_21_54_58_628.jpg, 0, 0, 0, 6.162022E-05
C:\Deep-Learning\Finalproject\track2\IMG\center_2019_05_11_21_54_58_733.jpg, C:\Deep-Learning\Finalproject\track2\IMG\left_2019_05_11_21_54_58_733.jpg, C:\Deep-Learning\Finalproject\track2\IMG\right_2019_05_11_21_54_58_733.jpg, 0, 0, 0, 5.587517E-05
C:\Deep-Learning\Finalproject\track2\IMG\center_2019_05_11_21_54_58_833.jpg, C:\Deep-Learning\Finalproject\track2\IMG\left_2019_05_11_21_54_58_833.jpg, C:\Deep-Learning\Finalproject\track2\IMG\right_2019_05_11_21_54_58_833.jpg, 0, 0, 0, 7.638909E-05
C:\Deep-Learning\Finalproject\track2\IMG\center_2019_05_11_21_54_58_939.jpg, C:\Deep-Learning\Finalproject\track2\IMG\left_2019_05_11_21_54_58_939.jpg, C:\Deep-Learning\Finalproject\track2\IMG\right_2019_05_11_21_54_58_939.jpg, 0, 0, 0, 7.494741E-05
C:\Deep-Learning\Finalproject\track2\IMG\center_2019_05_11_21_54_59_043.jpg, C:\Deep-Learning\Finalproject\track2\IMG\left_2019_05_11_21_54_59_043.jpg, C:\Deep-Learning\Finalproject\track2\IMG\right_2019_05_11_21_54_59_043.jpg, 0, 0, 0, 3.887754E-05
C:\Deep-Learning\Finalproject\track2\IMG\center_2019_05_11_21_54_59_147.jpg, C:\Deep-Learning\Finalproject\track2\IMG\left_2019_05_11_21_54_59_147.jpg, C:\Deep-Learning\Finalproject\track2\IMG\right_2019_05_11_21_54_59_147.jpg, 0, 0, 0, 6.910958E-05
C:\Deep-Learning\Finalproject\track2\IMG\center_2019_05_11_21_54_59_251.jpg, C:\Deep-Learning\Finalproject\track2\IMG\left_2019_05_11_21_54_59_251.jpg, C:\Deep-Learning\Finalproject\track2\IMG\right_2019_05_11_21_54_59_251.jpg, 0, 0, 0, 9.591691E-05
C:\Deep-Learning\Finalproject\track2\IMG\center_2019_05_11_21_54_59_357.jpg, C:\Deep-Learning\Finalproject\track2\IMG\left_2019_05_11_21_54_59_357.jpg, C:\Deep-Learning\Finalproject\track2\IMG\right_2019_05_11_21_54_59_357.jpg, 0, 0, 0, 7.044003E-05
C:\Deep-Learning\Finalproject\track2\IMG\center_2019_05_11_21_54_59_457.jpg, C:\Deep-Learning\Finalproject\track2\IMG\left_2019_05_11_21_54_59_457.jpg, C:\Deep-Learning\Finalproject\track2\IMG\right_2019_05_11_21_54_59_457.jpg, 0, 0, 0, 3.790137E-05
C:\Deep-Learning\Finalproject\track2\IMG\center_2019_05_11_21_54_59_564.jpg, C:\Deep-Learning\Finalproject\track2\IMG\left_2019_05_11_21_54_59_564.jpg, C:\Deep-Learning\Finalproject\track2\IMG\right_2019_05_11_21_54_59_564.jpg, 0, 0, 0, 6.910128E-05
C:\Deep-Learning\Finalproject\track2\IMG\center_2019_05_11_21_54_59_665.jpg, C:\Deep-Learning\Finalproject\track2\IMG\left_2019_05_11_21_54_59_665.jpg, C:\Deep-Learning\Finalproject\track2\IMG\right_2019_05_11_21_54_59_665.jpg, 0, 0, 0, 9.509308E-05
C:\Deep-Learning\Finalproject\track2\IMG\center_2019_05_11_21_54_59_770.jpg, C:\Deep-Learning\Finalproject\track2\IMG\left_2019_05_11_21_54_59_770.jpg, C:\Deep-Learning\Finalproject\track2\IMG\right_2019_05_11_21_54_59_770.jpg, 0, 0, 0, 4.382552E-05
C:\Deep-Learning\Finalproject\track2\IMG\center_2019_05_11_21_54_59_878.jpg, C:\Deep-Learning\Finalproject\track2\IMG\left_2019_05_11_21_54_59_878.jpg, C:\Deep-Learning\Finalproject\track2\IMG\right_2019_05_11_21_54_59_878.jpg, 0, 0, 0, 5.131095E-05
C:\Deep-Learning\Finalproject\track2\IMG\center_2019_05_11_21_54_59_984.jpg, C:\Deep-Learning\Finalproject\track2\IMG\left_2019_05_11_21_54_59_984.jpg, C:\Deep-Learning\Finalproject\track2\IMG\right_2019_05_11_21_54_59_984.jpg, 0, 0, 0, 7.333254E-05
C:\Deep-Learning\Finalproject\track2\IMG\center_2019_05_11_21_55_00_086.jpg, C:\Deep-Learning\Finalproject\track2\IMG\left_2019_05_11_21_55_00_086.jpg, C:\Deep-Learning\Finalproject\track2\IMG\right_2019_05_11_21_55_00_086.jpg, 0, 0, 0, 8.708289E-05
C:\Deep-Learning\Finalproject\track2\IMG\center_2019_05_11_21_55_00_194.jpg, C:\Deep-Learning\Finalproject\track2\IMG\left_2019_05_11_21_55_00_194.jpg, C:\Deep-Learning\Finalproject\track2\IMG\right_2019_05_11_21_55_00_194.jpg, 0, 0, 0, 9.190484E-05
C:\Deep-Learning\Finalproject\track2\IMG\center_2019_05_11_21_55_00_296.jpg, C:\Deep-Learning\Finalproject\track2\IMG\left_2019_05_11_21_55_00_296.jpg, C:\Deep-Learning\Finalproject\track2\IMG\right_2019_05_11_21_55_00_296.jpg, 0, 0, 0, 6.115498E-05
C:\Deep-Learning\Finalproject\track2\IMG\center_2019_05_11_21_55_00_398.jpg, C:\Deep-Learning\Finalproject\track2\IMG\left_2019_05_11_21_55_00_398.jpg, C:\Deep-Learning\Finalproject\track2\IMG\right_2019_05_11_21_55_00_398.jpg, 0, 0, 0, 4.98267E-05
C:\Deep-Learning\Finalproject\track2\IMG\center_2019_05_11_21_55_00_500.jpg, C:\Deep-Learning\Finalproject\track2\IMG\left_2019_05_11_21_55_00_500.jpg, C:\Deep-Learning\Finalproject\track2\IMG\right_2019_05_11_21_55_00_500.jpg, 0, 0, 0, 4.79788E-05
C:\Deep-Learning\Finalproject\track2\IMG\center_2019_05_11_21_55_00_605.jpg, C:\Deep-Learning\Finalproject\track2\IMG\left_2019_05_11_21_55_00_605.jpg, C:\Deep-Learning\Finalproject\track2\IMG\right_2019_05_11_21_55_00_605.jpg, 0, 0, 0, 7.434619E-05
C:\Deep-Learning\Finalproject\track2\IMG\center_2019_05_11_21_55_00_715.jpg, C:\Deep-Learning\Finalproject\track2\IMG\left_2019_05_11_21_55_00_715.jpg, C:\Deep-Learning\Finalproject\track2\IMG\right_2019_05_11_21_55_00_715.jpg, 0, 0, 0, 7.596208E-05
C:\Deep-Learning\Finalproject\track2\IMG\center_2019_05_11_21_55_00_819.jpg, C:\Deep-Learning\Finalproject\track2\IMG\left_2019_05_11_21_55_00_819.jpg, C:\Deep-Learning\Finalproject\track2\IMG\right_2019_05_11_21_55_00_819.jpg, 0, 0, 0, 8.013649E-05
C:\Deep-Learning\Finalproject\track2\IMG\center_2019_05_11_21_55_00_923.jpg, C:\Deep-Learning\Finalproject\track2\IMG\left_2019_05_11_21_55_00_923.jpg, C:\Deep-Learning\Finalproject\track2\IMG\right_2019_05_11_21_55_00_923.jpg, 0, 0, 0, 4.072832E-05
C:\Deep-Learning\Finalproject\track2\IMG\center_2019_05_11_21_55_01_026.jpg, C:\Deep-Learning\Finalproject\track2\IMG\left_2019_05_11_21_55_01_026.jpg, C:\Deep-Learning\Finalproject\track2\IMG\right_2019_05_11_21_55_01_026.jpg, 0, 0, 0, 4.303222E-05
C:\Deep-Learning\Finalproject\track2\IMG\center_2019_05_11_21_55_01_129.jpg, C:\Deep-Learning\Finalproject\track2\IMG\left_2019_05_11_21_55_01_129.jpg, C:\Deep-Learning\Finalproject\track2\IMG\right_2019_05_11_21_55_01_129.jpg, 0, 0, 0, 4.509356E-05
C:\Deep-Learning\Finalproject\track2\IMG\center_2019_05_11_21_55_01_234.jpg, C:\Deep-Learning\Finalproject\track2\IMG\left_2019_05_11_21_55_01_234.jpg, C:\Deep-Learning\Finalproject\track2\IMG\right_2019_05_11_21_55_01_234.jpg, 0, 0, 0, 4.958315E-05
C:\Deep-Learning\Finalproject\track2\IMG\center_2019_05_11_21_55_01_341.jpg, C:\Deep-Learning\Finalproject\track2\IMG\left_2019_05_11_21_55_01_341.jpg, C:\Deep-Learning\Finalproject\track2\IMG\right_2019_05_11_21_55_01_341.jpg, 0, 0, 0, 4.44198E-05
C:\Deep-Learning\Finalproject\track2\IMG\center_2019_05_11_21_55_01_447.jpg, C:\Deep-Learning\Finalproject\track2\IMG\left_2019_05_11_21_55_01_447.jpg, C:\Deep-Learning\Finalproject\track2\IMG\right_2019_05_11_21_55_01_447.jpg, 0, 0, 0, 4.89056E-05
C:\Deep-Learning\Finalproject\track2\IMG\center_2019_05_11_21_55_01_548.jpg, C:\Deep-Learning\Finalproject\track2\IMG\left_2019_05_11_21_55_01_548.jpg, C:\Deep-Learning\Finalproject\track2\IMG\right_2019_05_11_21_55_01_548.jpg, 0, 0, 0, 5.215601E-05
C:\Deep-Learning\Finalproject\track2\IMG\center_2019_05_11_21_55_01_656.jpg, C:\Deep-Learning\Finalproject\track2\IMG\left_2019_05_11_21_55_01_656.jpg, C:\Deep-Learning\Finalproject\track2\IMG\right_2019_05_11_21_55_01_656.jpg, 0, 0, 0, 3.825237E-05
C:\Deep-Learning\Finalproject\track2\IMG\center_2019_05_11_21_55_01_760.jpg, C:\Deep-Learning\Finalproject\track2\IMG\left_2019_05_11_21_55_01_760.jpg, C:\Deep-Learning\Finalproject\track2\IMG\right_2019_05_11_21_55_01_760.jpg, 0, 0, 0, 5.991098E-05
C:\Deep-Learning\Finalproject\track2\IMG\center_2019_05_11_21_55_01_869.jpg, C:\Deep-Learning\Finalproject\track2\IMG\left_2019_05_11_21_55_01_869.jpg, C:\Deep-Learning\Finalproject\track2\IMG\right_2019_05_11_21_55_01_869.jpg, 0, 0, 0, 3.993697E-05
C:\Deep-Learning\Finalproject\track2\IMG\center_2019_05_11_21_55_01_972.jpg, C:\Deep-Learning\Finalproject\track2\IMG\left_2019_05_11_21_55_01_972.jpg, C:\Deep-Learning\Finalproject\track2\IMG\right_2019_05_11_21_55_01_972.jpg, 0, 0, 0, 4.561674E-05
C:\Deep-Learning\Finalproject\track2\IMG\center_2019_05_11_21_55_02_074.jpg, C:\Deep-Learning\Finalproject\track2\IMG\left_2019_05_11_21_55_02_074.jpg, C:\Deep-Learning\Finalproject\track2\IMG\right_2019_05_11_21_55_02_074.jpg, 0, 0, 0, 4.714705E-05
C:\Deep-Learning\Finalproject\track2\IMG\center_2019_05_11_21_55_02_182.jpg, C:\Deep-Learning\Finalproject\track2\IMG\left_2019_05_11_21_55_02_182.jpg, C:\Deep-Learning\Finalproject\track2\IMG\right_2019_05_11_21_55_02_182.jpg, 0, 0, 0, 4.00823E-05
C:\Deep-Learning\Finalproject\track2\IMG\center_2019_05_11_21_55_02_290.jpg, C:\Deep-Learning\Finalproject\track2\IMG\left_2019_05_11_21_55_02_290.jpg, C:\Deep-Learning\Finalproject\track2\IMG\right_2019_05_11_21_55_02_290.jpg, 0, 0, 0, 4.252281E-05
C:\Deep-Learning\Finalproject\track2\IMG\center_2019_05_11_21_55_02_395.jpg, C:\Deep-Learning\Finalproject\track2\IMG\left_2019_05_11_21_55_02_395.jpg, C:\Deep-Learning\Finalproject\track2\IMG\right_2019_05_11_21_55_02_395.jpg, 0, 0, 0, 5.038958E-05
C:\Deep-Learning\Finalproject\track2\IMG\center_2019_05_11_21_55_02_504.jpg, C:\Deep-Learning\Finalproject\track2\IMG\left_2019_05_11_21_55_02_504.jpg, C:\Deep-Learning\Finalproject\track2\IMG\right_2019_05_11_21_55_02_504.jpg, 0, 0, 0, 6.196402E-05
C:\Deep-Learning\Finalproject\track2\IMG\center_2019_05_11_21_55_02_605.jpg, C:\Deep-Learning\Finalproject\track2\IMG\left_2019_05_11_21_55_02_605.jpg, C:\Deep-Learning\Finalproject\track2\IMG\right_2019_05_11_21_55_02_605.jpg, 0, 0, 0, 8.2267E-05
C:\Deep-Learning\Finalproject\track2\IMG\center_2019_05_11_21_55_02_713.jpg, C:\Deep-Learning\Finalproject\track2\IMG\left_2019_05_11_21_55_02_713.jpg, C:\Deep-Learning\Finalproject\track2\IMG\right_2019_05_11_21_55_02_713.jpg, 0, 0, 0, 7.299928E-05
C:\Deep-Learning\Finalproject\track2\IMG\center_2019_05_11_21_55_02_821.jpg, C:\Deep-Learning\Finalproject\track2\IMG\left_2019_05_11_21_55_02_821.jpg, C:\Deep-Learning\Finalproject\track2\IMG\right_2019_05_11_21_55_02_821.jpg, 0, 0, 0, 7.907966E-05
C:\Deep-Learning\Finalproject\track2\IMG\center_2019_05_11_21_55_02_926.jpg, C:\Deep-Learning\Finalproject\track2\IMG\left_2019_05_11_21_55_02_926.jpg, C:\Deep-Learning\Finalproject\track2\IMG\right_2019_05_11_21_55_02_926.jpg, 0, 0, 0, 3.849101E-05
C:\Deep-Learning\Finalproject\track2\IMG\center_2019_05_11_21_55_03_032.jpg, C:\Deep-Learning\Finalproject\track2\IMG\left_2019_05_11_21_55_03_032.jpg, C:\Deep-Learning\Finalproject\track2\IMG\right_2019_05_11_21_55_03_032.jpg, 0, 0, 0, 6.39896E-05
C:\Deep-Learning\Finalproject\track2\IMG\center_2019_05_11_21_55_03_140.jpg, C:\Deep-Learning\Finalproject\track2\IMG\left_2019_05_11_21_55_03_140.jpg, C:\Deep-Learning\Finalproject\track2\IMG\right_2019_05_11_21_55_03_140.jpg, 0, 0, 0, 4.05321E-05
C:\Deep-Learning\Finalproject\track2\IMG\center_2019_05_11_21_55_03_243.jpg, C:\Deep-Learning\Finalproject\track2\IMG\left_2019_05_11_21_55_03_243.jpg, C:\Deep-Learning\Finalproject\track2\IMG\right_2019_05_11_21_55_03_243.jpg, 0, 0, 0, 4.285608E-05
C:\Deep-Learning\Finalproject\track2\IMG\center_2019_05_11_21_55_03_345.jpg, C:\Deep-Learning\Finalproject\track2\IMG\left_2019_05_11_21_55_03_345.jpg, C:\Deep-Learning\Finalproject\track2\IMG\right_2019_05_11_21_55_03_345.jpg, 0, 0, 0, 4.007294E-05
C:\Deep-Learning\Finalproject\track2\IMG\center_2019_05_11_21_55_03_447.jpg, C:\Deep-Learning\Finalproject\track2\IMG\left_2019_05_11_21_55_03_447.jpg, C:\Deep-Learning\Finalproject\track2\IMG\right_2019_05_11_21_55_03_447.jpg, 0, 0, 0, 3.935073E-05
C:\Deep-Learning\Finalproject\track2\IMG\center_2019_05_11_21_55_03_548.jpg, C:\Deep-Learning\Finalproject\track2\IMG\left_2019_05_11_21_55_03_548.jpg, C:\Deep-Learning\Finalproject\track2\IMG\right_2019_05_11_21_55_03_548.jpg, 0, 0, 0, 7.384538E-05
C:\Deep-Learning\Finalproject\track2\IMG\center_2019_05_11_21_55_03_650.jpg, C:\Deep-Learning\Finalproject\track2\IMG\left_2019_05_11_21_55_03_650.jpg, C:\Deep-Learning\Finalproject\track2\IMG\right_2019_05_11_21_55_03_650.jpg, 0, 0, 0, 9.012125E-05
C:\Deep-Learning\Finalproject\track2\IMG\center_2019_05_11_21_55_03_754.jpg, C:\Deep-Learning\Finalproject\track2\IMG\left_2019_05_11_21_55_03_754.jpg, C:\Deep-Learning\Finalproject\track2\IMG\right_2019_05_11_21_55_03_754.jpg, 0, 0, 0, 0.0001036368
C:\Deep-Learning\Finalproject\track2\IMG\center_2019_05_11_21_55_03_864.jpg, C:\Deep-Learning\Finalproject\track2\IMG\left_2019_05_11_21_55_03_864.jpg, C:\Deep-Learning\Finalproject\track2\IMG\right_2019_05_11_21_55_03_864.jpg, 0, 0, 0, 9.878826E-05
C:\Deep-Learning\Finalproject\track2\IMG\center_2019_05_11_21_55_03_976.jpg, C:\Deep-Learning\Finalproject\track2\IMG\left_2019_05_11_21_55_03_976.jpg, C:\Deep-Learning\Finalproject\track2\IMG\right_2019_05_11_21_55_03_976.jpg, 0, 0, 0, 7.586694E-05
C:\Deep-Learning\Finalproject\track2\IMG\center_2019_05_11_21_55_04_085.jpg, C:\Deep-Learning\Finalproject\track2\IMG\left_2019_05_11_21_55_04_085.jpg, C:\Deep-Learning\Finalproject\track2\IMG\right_2019_05_11_21_55_04_085.jpg, 0, 0, 0, 8.534236E-05
C:\Deep-Learning\Finalproject\track2\IMG\center_2019_05_11_21_55_04_190.jpg, C:\Deep-Learning\Finalproject\track2\IMG\left_2019_05_11_21_55_04_190.jpg, C:\Deep-Learning\Finalproject\track2\IMG\right_2019_05_11_21_55_04_190.jpg, 0, 0, 0, 6.31643E-05
C:\Deep-Learning\Finalproject\track2\IMG\center_2019_05_11_21_55_04_296.jpg, C:\Deep-Learning\Finalproject\track2\IMG\left_2019_05_11_21_55_04_296.jpg, C:\Deep-Learning\Finalproject\track2\IMG\right_2019_05_11_21_55_04_296.jpg, 0, 0, 0, 6.885637E-05
C:\Deep-Learning\Finalproject\track2\IMG\center_2019_05_11_21_55_04_403.jpg, C:\Deep-Learning\Finalproject\track2\IMG\left_2019_05_11_21_55_04_403.jpg, C:\Deep-Learning\Finalproject\track2\IMG\right_2019_05_11_21_55_04_403.jpg, 0, 0, 0, 9.019176E-05
C:\Deep-Learning\Finalproject\track2\IMG\center_2019_05_11_21_55_04_506.jpg, C:\Deep-Learning\Finalproject\track2\IMG\left_2019_05_11_21_55_04_506.jpg, C:\Deep-Learning\Finalproject\track2\IMG\right_2019_05_11_21_55_04_506.jpg, 0, 0, 0, 4.026339E-05
C:\Deep-Learning\Finalproject\track2\IMG\center_2019_05_11_21_55_04_615.jpg, C:\Deep-Learning\Finalproject\track2\IMG\left_2019_05_11_21_55_04_615.jpg, C:\Deep-Learning\Finalproject\track2\IMG\right_2019_05_11_21_55_04_615.jpg, 0, 0, 0, 9.232728E-05
C:\Deep-Learning\Finalproject\track2\IMG\center_2019_05_11_21_55_04_720.jpg, C:\Deep-Learning\Finalproject\track2\IMG\left_2019_05_11_21_55_04_720.jpg, C:\Deep-Learning\Finalproject\track2\IMG\right_2019_05_11_21_55_04_720.jpg, 0, 0, 0, 8.919904E-05
C:\Deep-Learning\Finalproject\track2\IMG\center_2019_05_11_21_55_04_825.jpg, C:\Deep-Learning\Finalproject\track2\IMG\left_2019_05_11_21_55_04_825.jpg, C:\Deep-Learning\Finalproject\track2\IMG\right_2019_05_11_21_55_04_825.jpg, 0, 0, 0, 0.0001075036
C:\Deep-Learning\Finalproject\track2\IMG\center_2019_05_11_21_55_04_928.jpg, C:\Deep-Learning\Finalproject\track2\IMG\left_2019_05_11_21_55_04_928.jpg, C:\Deep-Learning\Finalproject\track2\IMG\right_2019_05_11_21_55_04_928.jpg, 0, 0, 0, 9.098021E-05
C:\Deep-Learning\Finalproject\track2\IMG\center_2019_05_11_21_55_05_043.jpg, C:\Deep-Learning\Finalproject\track2\IMG\left_2019_05_11_21_55_05_043.jpg, C:\Deep-Learning\Finalproject\track2\IMG\right_2019_05_11_21_55_05_043.jpg, 0, 0, 0, 4.015361E-05
C:\Deep-Learning\Finalproject\track2\IMG\center_2019_05_11_22_00_48_183.jpg, C:\Deep-Learning\Finalproject\track2\IMG\left_2019_05_11_22_00_48_183.jpg, C:\Deep-Learning\Finalproject\track2\IMG\right_2019_05_11_22_00_48_183.jpg, 0, 0, 0, 0.0001152192
C:\Deep-Learning\Finalproject\track2\IMG\center_2019_05_11_22_00_48_286.jpg, C:\Deep-Learning\Finalproject\track2\IMG\left_2019_05_11_22_00_48_286.jpg, C:\Deep-Learning\Finalproject\track2\IMG\right_2019_05_11_22_00_48_286.jpg, 0, 0, 0, 9.786325E-05
C:\Deep-Learning\Finalproject\track2\IMG\center_2019_05_11_22_00_48_392.jpg, C:\Deep-Learning\Finalproject\track2\IMG\left_2019_05_11_22_00_48_392.jpg, C:\Deep-Learning\Finalproject\track2\IMG\right_2019_05_11_22_00_48_392.jpg, 0, 0, 0, 9.812631E-05
C:\Deep-Learning\Finalproject\track2\IMG\center_2019_05_11_22_00_48_492.jpg, C:\Deep-Learning\Finalproject\track2\IMG\left_2019_05_11_22_00_48_492.jpg, C:\Deep-Learning\Finalproject\track2\IMG\right_2019_05_11_22_00_48_492.jpg, 0, 0, 0, 0.0001126014
C:\Deep-Learning\Finalproject\track2\IMG\center_2019_05_11_22_00_48_596.jpg, C:\Deep-Learning\Finalproject\track2\IMG\left_2019_05_11_22_00_48_596.jpg, C:\Deep-Learning\Finalproject\track2\IMG\right_2019_05_11_22_00_48_596.jpg, 0, 0, 0, 9.576508E-05
C:\Deep-Learning\Finalproject\track2\IMG\center_2019_05_11_22_00_48_698.jpg, C:\Deep-Learning\Finalproject\track2\IMG\left_2019_05_11_22_00_48_698.jpg, C:\Deep-Learning\Finalproject\track2\IMG\right_2019_05_11_22_00_48_698.jpg, 0, 0, 0, 0.0001011981
C:\Deep-Learning\Finalproject\track2\IMG\center_2019_05_11_22_00_48_798.jpg, C:\Deep-Learning\Finalproject\track2\IMG\left_2019_05_11_22_00_48_798.jpg, C:\Deep-Learning\Finalproject\track2\IMG\right_2019_05_11_22_00_48_798.jpg, 0, 0, 0, 9.802329E-05
C:\Deep-Learning\Finalproject\track2\IMG\center_2019_05_11_22_00_48_900.jpg, C:\Deep-Learning\Finalproject\track2\IMG\left_2019_05_11_22_00_48_900.jpg, C:\Deep-Learning\Finalproject\track2\IMG\right_2019_05_11_22_00_48_900.jpg, 0, 0, 0, 0.0001080649
C:\Deep-Learning\Finalproject\track2\IMG\center_2019_05_11_22_00_49_002.jpg, C:\Deep-Learning\Finalproject\track2\IMG\left_2019_05_11_22_00_49_002.jpg, C:\Deep-Learning\Finalproject\track2\IMG\right_2019_05_11_22_00_49_002.jpg, 0, 0, 0, 9.506047E-05
C:\Deep-Learning\Finalproject\track2\IMG\center_2019_05_11_22_00_49_108.jpg, C:\Deep-Learning\Finalproject\track2\IMG\left_2019_05_11_22_00_49_108.jpg, C:\Deep-Learning\Finalproject\track2\IMG\right_2019_05_11_22_00_49_108.jpg, 0, 0, 0, 9.549844E-05
C:\Deep-Learning\Finalproject\track2\IMG\center_2019_05_11_22_00_49_208.jpg, C:\Deep-Learning\Finalproject\track2\IMG\left_2019_05_11_22_00_49_208.jpg, C:\Deep-Learning\Finalproject\track2\IMG\right_2019_05_11_22_00_49_208.jpg, 0, 0, 0, 0.0001272606
C:\Deep-Learning\Finalproject\track2\IMG\center_2019_05_11_22_00_49_312.jpg, C:\Deep-Learning\Finalproject\track2\IMG\left_2019_05_11_22_00_49_312.jpg, C:\Deep-Learning\Finalproject\track2\IMG\right_2019_05_11_22_00_49_312.jpg, 0, 0, 0, 9.587605E-05
C:\Deep-Learning\Finalproject\track2\IMG\center_2019_05_11_22_00_49_418.jpg, C:\Deep-Learning\Finalproject\track2\IMG\left_2019_05_11_22_00_49_418.jpg, C:\Deep-Learning\Finalproject\track2\IMG\right_2019_05_11_22_00_49_418.jpg, 0, 0, 0, 9.631974E-05
C:\Deep-Learning\Finalproject\track2\IMG\center_2019_05_11_22_00_49_521.jpg, C:\Deep-Learning\Finalproject\track2\IMG\left_2019_05_11_22_00_49_521.jpg, C:\Deep-Learning\Finalproject\track2\IMG\right_2019_05_11_22_00_49_521.jpg, 0, 0, 0, 9.869337E-05
C:\Deep-Learning\Finalproject\track2\IMG\center_2019_05_11_22_00_49_626.jpg, C:\Deep-Learning\Finalproject\track2\IMG\left_2019_05_11_22_00_49_626.jpg, C:\Deep-Learning\Finalproject\track2\IMG\right_2019_05_11_22_00_49_626.jpg, 0, 0, 0, 0.0001068983
C:\Deep-Learning\Finalproject\track2\IMG\center_2019_05_11_22_00_49_729.jpg, C:\Deep-Learning\Finalproject\track2\IMG\left_2019_05_11_22_00_49_729.jpg, C:\Deep-Learning\Finalproject\track2\IMG\right_2019_05_11_22_00_49_729.jpg, 0, 0, 0, 0.0001078695
C:\Deep-Learning\Finalproject\track2\IMG\center_2019_05_11_22_00_49_833.jpg, C:\Deep-Learning\Finalproject\track2\IMG\left_2019_05_11_22_00_49_833.jpg, C:\Deep-Learning\Finalproject\track2\IMG\right_2019_05_11_22_00_49_833.jpg, 0, 0, 0, 9.945627E-05
C:\Deep-Learning\Finalproject\track2\IMG\center_2019_05_11_22_00_49_938.jpg, C:\Deep-Learning\Finalproject\track2\IMG\left_2019_05_11_22_00_49_938.jpg, C:\Deep-Learning\Finalproject\track2\IMG\right_2019_05_11_22_00_49_938.jpg, 0, 0, 0, 0.0001080045
C:\Deep-Learning\Finalproject\track2\IMG\center_2019_05_11_22_00_50_043.jpg, C:\Deep-Learning\Finalproject\track2\IMG\left_2019_05_11_22_00_50_043.jpg, C:\Deep-Learning\Finalproject\track2\IMG\right_2019_05_11_22_00_50_043.jpg, 0, 0, 0, 9.753965E-05
C:\Deep-Learning\Finalproject\track2\IMG\center_2019_05_11_22_00_50_148.jpg, C:\Deep-Learning\Finalproject\track2\IMG\left_2019_05_11_22_00_50_148.jpg, C:\Deep-Learning\Finalproject\track2\IMG\right_2019_05_11_22_00_50_148.jpg, 0, 0, 0, 0.000109135
C:\Deep-Learning\Finalproject\track2\IMG\center_2019_05_11_22_00_50_248.jpg, C:\Deep-Learning\Finalproject\track2\IMG\left_2019_05_11_22_00_50_248.jpg, C:\Deep-Learning\Finalproject\track2\IMG\right_2019_05_11_22_00_50_248.jpg, 0, 0, 0, 9.556509E-05
C:\Deep-Learning\Finalproject\track2\IMG\center_2019_05_11_22_00_50_351.jpg, C:\Deep-Learning\Finalproject\track2\IMG\left_2019_05_11_22_00_50_351.jpg, C:\Deep-Learning\Finalproject\track2\IMG\right_2019_05_11_22_00_50_351.jpg, 0, 0, 0, 9.762406E-05
C:\Deep-Learning\Finalproject\track2\IMG\center_2019_05_11_22_00_50_454.jpg, C:\Deep-Learning\Finalproject\track2\IMG\left_2019_05_11_22_00_50_454.jpg, C:\Deep-Learning\Finalproject\track2\IMG\right_2019_05_11_22_00_50_454.jpg, 0, 0, 0, 0.0001069458
C:\Deep-Learning\Finalproject\track2\IMG\center_2019_05_11_22_00_50_557.jpg, C:\Deep-Learning\Finalproject\track2\IMG\left_2019_05_11_22_00_50_557.jpg, C:\Deep-Learning\Finalproject\track2\IMG\right_2019_05_11_22_00_50_557.jpg, 0, 0, 0, 9.817622E-05
C:\Deep-Learning\Finalproject\track2\IMG\center_2019_05_11_22_00_50_659.jpg, C:\Deep-Learning\Finalproject\track2\IMG\left_2019_05_11_22_00_50_659.jpg, C:\Deep-Learning\Finalproject\track2\IMG\right_2019_05_11_22_00_50_659.jpg, 0, 0, 0, 0.0001103915
C:\Deep-Learning\Finalproject\track2\IMG\center_2019_05_11_22_00_50_763.jpg, C:\Deep-Learning\Finalproject\track2\IMG\left_2019_05_11_22_00_50_763.jpg, C:\Deep-Learning\Finalproject\track2\IMG\right_2019_05_11_22_00_50_763.jpg, 0, 0, 0, 0.0001004175
C:\Deep-Learning\Finalproject\track2\IMG\center_2019_05_11_22_00_50_866.jpg, C:\Deep-Learning\Finalproject\track2\IMG\left_2019_05_11_22_00_50_866.jpg, C:\Deep-Learning\Finalproject\track2\IMG\right_2019_05_11_22_00_50_866.jpg, 0, 0, 0, 9.590027E-05
C:\Deep-Learning\Finalproject\track2\IMG\center_2019_05_11_22_00_50_971.jpg, C:\Deep-Learning\Finalproject\track2\IMG\left_2019_05_11_22_00_50_971.jpg, C:\Deep-Learning\Finalproject\track2\IMG\right_2019_05_11_22_00_50_971.jpg, 0, 0, 0, 0.000112512
C:\Deep-Learning\Finalproject\track2\IMG\center_2019_05_11_22_00_51_073.jpg, C:\Deep-Learning\Finalproject\track2\IMG\left_2019_05_11_22_00_51_073.jpg, C:\Deep-Learning\Finalproject\track2\IMG\right_2019_05_11_22_00_51_073.jpg, 0, 0, 0, 0.0001044926
C:\Deep-Learning\Finalproject\track2\IMG\center_2019_05_11_22_00_51_176.jpg, C:\Deep-Learning\Finalproject\track2\IMG\left_2019_05_11_22_00_51_176.jpg, C:\Deep-Learning\Finalproject\track2\IMG\right_2019_05_11_22_00_51_176.jpg, 0, 0, 0, 0.0001207454
C:\Deep-Learning\Finalproject\track2\IMG\center_2019_05_11_22_00_51_279.jpg, C:\Deep-Learning\Finalproject\track2\IMG\left_2019_05_11_22_00_51_279.jpg, C:\Deep-Learning\Finalproject\track2\IMG\right_2019_05_11_22_00_51_279.jpg, 0, 0, 0, 9.65761E-05
C:\Deep-Learning\Finalproject\track2\IMG\center_2019_05_11_22_00_51_384.jpg, C:\Deep-Learning\Finalproject\track2\IMG\left_2019_05_11_22_00_51_384.jpg, C:\Deep-Learning\Finalproject\track2\IMG\right_2019_05_11_22_00_51_384.jpg, 0, 0, 0, 9.779726E-05
C:\Deep-Learning\Finalproject\track2\IMG\center_2019_05_11_22_00_51_486.jpg, C:\Deep-Learning\Finalproject\track2\IMG\left_2019_05_11_22_00_51_486.jpg, C:\Deep-Learning\Finalproject\track2\IMG\right_2019_05_11_22_00_51_486.jpg, 0, 0, 0, 9.517601E-05
C:\Deep-Learning\Finalproject\track2\IMG\center_2019_05_11_22_00_51_591.jpg, C:\Deep-Learning\Finalproject\track2\IMG\left_2019_05_11_22_00_51_591.jpg, C:\Deep-Learning\Finalproject\track2\IMG\right_2019_05_11_22_00_51_591.jpg, 0, 0, 0, 9.505026E-05
C:\Deep-Learning\Finalproject\track2\IMG\center_2019_05_11_22_00_51_693.jpg, C:\Deep-Learning\Finalproject\track2\IMG\left_2019_05_11_22_00_51_693.jpg, C:\Deep-Learning\Finalproject\track2\IMG\right_2019_05_11_22_00_51_693.jpg, 0, 0, 0, 9.889962E-05
C:\Deep-Learning\Finalproject\track2\IMG\center_2019_05_11_22_00_51_794.jpg, C:\Deep-Learning\Finalproject\track2\IMG\left_2019_05_11_22_00_51_794.jpg, C:\Deep-Learning\Finalproject\track2\IMG\right_2019_05_11_22_00_51_794.jpg, 0, 0, 0, 0.0001029339
C:\Deep-Learning\Finalproject\track2\IMG\center_2019_05_11_22_00_51_895.jpg, C:\Deep-Learning\Finalproject\track2\IMG\left_2019_05_11_22_00_51_895.jpg, C:\Deep-Learning\Finalproject\track2\IMG\right_2019_05_11_22_00_51_895.jpg, 0, 0, 0, 9.825358E-05
C:\Deep-Learning\Finalproject\track2\IMG\center_2019_05_11_22_00_51_999.jpg, C:\Deep-Learning\Finalproject\track2\IMG\left_2019_05_11_22_00_51_999.jpg, C:\Deep-Learning\Finalproject\track2\IMG\right_2019_05_11_22_00_51_999.jpg, 0, 0, 0, 9.535815E-05
C:\Deep-Learning\Finalproject\track2\IMG\center_2019_05_11_22_00_52_100.jpg, C:\Deep-Learning\Finalproject\track2\IMG\left_2019_05_11_22_00_52_100.jpg, C:\Deep-Learning\Finalproject\track2\IMG\right_2019_05_11_22_00_52_100.jpg, 0, 0, 0, 9.671559E-05
C:\Deep-Learning\Finalproject\track2\IMG\center_2019_05_11_22_00_52_204.jpg, C:\Deep-Learning\Finalproject\track2\IMG\left_2019_05_11_22_00_52_204.jpg, C:\Deep-Learning\Finalproject\track2\IMG\right_2019_05_11_22_00_52_204.jpg, 0, 0, 0, 0.0001011625
C:\Deep-Learning\Finalproject\track2\IMG\center_2019_05_11_22_00_52_311.jpg, C:\Deep-Learning\Finalproject\track2\IMG\left_2019_05_11_22_00_52_311.jpg, C:\Deep-Learning\Finalproject\track2\IMG\right_2019_05_11_22_00_52_311.jpg, 0, 0, 0, 9.74354E-05
C:\Deep-Learning\Finalproject\track2\IMG\center_2019_05_11_22_00_52_417.jpg, C:\Deep-Learning\Finalproject\track2\IMG\left_2019_05_11_22_00_52_417.jpg, C:\Deep-Learning\Finalproject\track2\IMG\right_2019_05_11_22_00_52_417.jpg, 0, 0, 0, 9.767049E-05
C:\Deep-Learning\Finalproject\track2\IMG\center_2019_05_11_22_00_52_523.jpg, C:\Deep-Learning\Finalproject\track2\IMG\left_2019_05_11_22_00_52_523.jpg, C:\Deep-Learning\Finalproject\track2\IMG\right_2019_05_11_22_00_52_523.jpg, 0, 0, 0, 9.587948E-05
C:\Deep-Learning\Finalproject\track2\IMG\center_2019_05_11_22_00_52_631.jpg, C:\Deep-Learning\Finalproject\track2\IMG\left_2019_05_11_22_00_52_631.jpg, C:\Deep-Learning\Finalproject\track2\IMG\right_2019_05_11_22_00_52_631.jpg, 0, 0, 0, 9.616592E-05
C:\Deep-Learning\Finalproject\track2\IMG\center_2019_05_11_22_00_52_738.jpg, C:\Deep-Learning\Finalproject\track2\IMG\left_2019_05_11_22_00_52_738.jpg, C:\Deep-Learning\Finalproject\track2\IMG\right_2019_05_11_22_00_52_738.jpg, 0, 0, 0, 0.0001114012
C:\Deep-Learning\Finalproject\track2\IMG\center_2019_05_11_22_00_52_839.jpg, C:\Deep-Learning\Finalproject\track2\IMG\left_2019_05_11_22_00_52_839.jpg, C:\Deep-Learning\Finalproject\track2\IMG\right_2019_05_11_22_00_52_839.jpg, 0, 0, 0, 9.532477E-05
C:\Deep-Learning\Finalproject\track2\IMG\center_2019_05_11_22_00_52_948.jpg, C:\Deep-Learning\Finalproject\track2\IMG\left_2019_05_11_22_00_52_948.jpg, C:\Deep-Learning\Finalproject\track2\IMG\right_2019_05_11_22_00_52_948.jpg, 0, 0, 0, 0.0001374027
C:\Deep-Learning\Finalproject\track2\IMG\center_2019_05_11_22_00_53_049.jpg, C:\Deep-Learning\Finalproject\track2\IMG\left_2019_05_11_22_00_53_049.jpg, C:\Deep-Learning\Finalproject\track2\IMG\right_2019_05_11_22_00_53_049.jpg, 0, 0, 0, 0.0001150386
C:\Deep-Learning\Finalproject\track2\IMG\center_2019_05_11_22_00_53_156.jpg, C:\Deep-Learning\Finalproject\track2\IMG\left_2019_05_11_22_00_53_156.jpg, C:\Deep-Learning\Finalproject\track2\IMG\right_2019_05_11_22_00_53_156.jpg, 0, 0, 0, 9.593361E-05
C:\Deep-Learning\Finalproject\track2\IMG\center_2019_05_11_22_00_53_260.jpg, C:\Deep-Learning\Finalproject\track2\IMG\left_2019_05_11_22_00_53_260.jpg, C:\Deep-Learning\Finalproject\track2\IMG\right_2019_05_11_22_00_53_260.jpg, 0, 0, 0, 9.586072E-05
C:\Deep-Learning\Finalproject\track2\IMG\center_2019_05_11_22_00_53_366.jpg, C:\Deep-Learning\Finalproject\track2\IMG\left_2019_05_11_22_00_53_366.jpg, C:\Deep-Learning\Finalproject\track2\IMG\right_2019_05_11_22_00_53_366.jpg, 0, 0, 0, 9.477144E-05
C:\Deep-Learning\Finalproject\track2\IMG\center_2019_05_11_22_00_53_473.jpg, C:\Deep-Learning\Finalproject\track2\IMG\left_2019_05_11_22_00_53_473.jpg, C:\Deep-Learning\Finalproject\track2\IMG\right_2019_05_11_22_00_53_473.jpg, 0, 0, 0, 0.0001000493
C:\Deep-Learning\Finalproject\track2\IMG\center_2019_05_11_22_00_53_581.jpg, C:\Deep-Learning\Finalproject\track2\IMG\left_2019_05_11_22_00_53_581.jpg, C:\Deep-Learning\Finalproject\track2\IMG\right_2019_05_11_22_00_53_581.jpg, 0, 0, 0, 9.732065E-05
C:\Deep-Learning\Finalproject\track2\IMG\center_2019_05_11_22_00_53_687.jpg, C:\Deep-Learning\Finalproject\track2\IMG\left_2019_05_11_22_00_53_687.jpg, C:\Deep-Learning\Finalproject\track2\IMG\right_2019_05_11_22_00_53_687.jpg, 0, 0, 0, 0.0001091591
C:\Deep-Learning\Finalproject\track2\IMG\center_2019_05_11_22_00_53_798.jpg, C:\Deep-Learning\Finalproject\track2\IMG\left_2019_05_11_22_00_53_798.jpg, C:\Deep-Learning\Finalproject\track2\IMG\right_2019_05_11_22_00_53_798.jpg, 0, 0, 0, 0.0001243889
C:\Deep-Learning\Finalproject\track2\IMG\center_2019_05_11_22_00_53_904.jpg, C:\Deep-Learning\Finalproject\track2\IMG\left_2019_05_11_22_00_53_904.jpg, C:\Deep-Learning\Finalproject\track2\IMG\right_2019_05_11_22_00_53_904.jpg, 0, 0, 0, 9.594431E-05
C:\Deep-Learning\Finalproject\track2\IMG\center_2019_05_11_22_00_54_018.jpg, C:\Deep-Learning\Finalproject\track2\IMG\left_2019_05_11_22_00_54_018.jpg, C:\Deep-Learning\Finalproject\track2\IMG\right_2019_05_11_22_00_54_018.jpg, 0, 0, 0, 0.0001073909
C:\Deep-Learning\Finalproject\track2\IMG\center_2019_05_11_22_00_54_119.jpg, C:\Deep-Learning\Finalproject\track2\IMG\left_2019_05_11_22_00_54_119.jpg, C:\Deep-Learning\Finalproject\track2\IMG\right_2019_05_11_22_00_54_119.jpg, 0, 0, 0, 0.0001006172
C:\Deep-Learning\Finalproject\track2\IMG\center_2019_05_11_22_00_54_222.jpg, C:\Deep-Learning\Finalproject\track2\IMG\left_2019_05_11_22_00_54_222.jpg, C:\Deep-Learning\Finalproject\track2\IMG\right_2019_05_11_22_00_54_222.jpg, 0, 0, 0, 9.706862E-05
C:\Deep-Learning\Finalproject\track2\IMG\center_2019_05_11_22_00_54_322.jpg, C:\Deep-Learning\Finalproject\track2\IMG\left_2019_05_11_22_00_54_322.jpg, C:\Deep-Learning\Finalproject\track2\IMG\right_2019_05_11_22_00_54_322.jpg, 0, 0, 0, 9.574952E-05
C:\Deep-Learning\Finalproject\track2\IMG\center_2019_05_11_22_00_54_432.jpg, C:\Deep-Learning\Finalproject\track2\IMG\left_2019_05_11_22_00_54_432.jpg, C:\Deep-Learning\Finalproject\track2\IMG\right_2019_05_11_22_00_54_432.jpg, 0, 0, 0, 0.0001065647
C:\Deep-Learning\Finalproject\track2\IMG\center_2019_05_11_22_00_54_536.jpg, C:\Deep-Learning\Finalproject\track2\IMG\left_2019_05_11_22_00_54_536.jpg, C:\Deep-Learning\Finalproject\track2\IMG\right_2019_05_11_22_00_54_536.jpg, 0, 0, 0, 0.0001016588
C:\Deep-Learning\Finalproject\track2\IMG\center_2019_05_11_22_00_54_639.jpg, C:\Deep-Learning\Finalproject\track2\IMG\left_2019_05_11_22_00_54_639.jpg, C:\Deep-Learning\Finalproject\track2\IMG\right_2019_05_11_22_00_54_639.jpg, 0, 0, 0, 0.0001012072
C:\Deep-Learning\Finalproject\track2\IMG\center_2019_05_11_22_00_54_745.jpg, C:\Deep-Learning\Finalproject\track2\IMG\left_2019_05_11_22_00_54_745.jpg, C:\Deep-Learning\Finalproject\track2\IMG\right_2019_05_11_22_00_54_745.jpg, 0, 0, 0, 0.0001548529
C:\Deep-Learning\Finalproject\track2\IMG\center_2019_05_11_22_00_54_853.jpg, C:\Deep-Learning\Finalproject\track2\IMG\left_2019_05_11_22_00_54_853.jpg, C:\Deep-Learning\Finalproject\track2\IMG\right_2019_05_11_22_00_54_853.jpg, 0, 0, 0, 9.632888E-05
C:\Deep-Learning\Finalproject\track2\IMG\center_2019_05_11_22_00_54_958.jpg, C:\Deep-Learning\Finalproject\track2\IMG\left_2019_05_11_22_00_54_958.jpg, C:\Deep-Learning\Finalproject\track2\IMG\right_2019_05_11_22_00_54_958.jpg, 0, 0, 0, 9.675936E-05
C:\Deep-Learning\Finalproject\track2\IMG\center_2019_05_11_22_00_55_062.jpg, C:\Deep-Learning\Finalproject\track2\IMG\left_2019_05_11_22_00_55_062.jpg, C:\Deep-Learning\Finalproject\track2\IMG\right_2019_05_11_22_00_55_062.jpg, 0, 0, 0, 0.0001097285
C:\Deep-Learning\Finalproject\track2\IMG\center_2019_05_11_22_00_55_167.jpg, C:\Deep-Learning\Finalproject\track2\IMG\left_2019_05_11_22_00_55_167.jpg, C:\Deep-Learning\Finalproject\track2\IMG\right_2019_05_11_22_00_55_167.jpg, 0, 0, 0, 0.0001207057
C:\Deep-Learning\Finalproject\track2\IMG\center_2019_05_11_22_00_55_268.jpg, C:\Deep-Learning\Finalproject\track2\IMG\left_2019_05_11_22_00_55_268.jpg, C:\Deep-Learning\Finalproject\track2\IMG\right_2019_05_11_22_00_55_268.jpg, 0, 0, 0, 0.0001046945
C:\Deep-Learning\Finalproject\track2\IMG\center_2019_05_11_22_00_55_372.jpg, C:\Deep-Learning\Finalproject\track2\IMG\left_2019_05_11_22_00_55_372.jpg, C:\Deep-Learning\Finalproject\track2\IMG\right_2019_05_11_22_00_55_372.jpg, 0, 0, 0, 0.0001177357
C:\Deep-Learning\Finalproject\track2\IMG\center_2019_05_11_22_00_55_479.jpg, C:\Deep-Learning\Finalproject\track2\IMG\left_2019_05_11_22_00_55_479.jpg, C:\Deep-Learning\Finalproject\track2\IMG\right_2019_05_11_22_00_55_479.jpg, 0, 0, 0, 0.0001114793
C:\Deep-Learning\Finalproject\track2\IMG\center_2019_05_11_22_00_55_580.jpg, C:\Deep-Learning\Finalproject\track2\IMG\left_2019_05_11_22_00_55_580.jpg, C:\Deep-Learning\Finalproject\track2\IMG\right_2019_05_11_22_00_55_580.jpg, 0, 0, 0, 9.743877E-05
C:\Deep-Learning\Finalproject\track2\IMG\center_2019_05_11_22_00_55_680.jpg, C:\Deep-Learning\Finalproject\track2\IMG\left_2019_05_11_22_00_55_680.jpg, C:\Deep-Learning\Finalproject\track2\IMG\right_2019_05_11_22_00_55_680.jpg, 0, 0, 0, 0.0001077863
C:\Deep-Learning\Finalproject\track2\IMG\center_2019_05_11_22_00_55_783.jpg, C:\Deep-Learning\Finalproject\track2\IMG\left_2019_05_11_22_00_55_783.jpg, C:\Deep-Learning\Finalproject\track2\IMG\right_2019_05_11_22_00_55_783.jpg, 0, 0, 0, 0.0001071458
C:\Deep-Learning\Finalproject\track2\IMG\center_2019_05_11_22_00_55_891.jpg, C:\Deep-Learning\Finalproject\track2\IMG\left_2019_05_11_22_00_55_891.jpg, C:\Deep-Learning\Finalproject\track2\IMG\right_2019_05_11_22_00_55_891.jpg, 0, 0, 0, 9.624009E-05
C:\Deep-Learning\Finalproject\track2\IMG\center_2019_05_11_22_00_56_001.jpg, C:\Deep-Learning\Finalproject\track2\IMG\left_2019_05_11_22_00_56_001.jpg, C:\Deep-Learning\Finalproject\track2\IMG\right_2019_05_11_22_00_56_001.jpg, 0, 0, 0, 9.605715E-05
C:\Deep-Learning\Finalproject\track2\IMG\center_2019_05_11_22_00_56_112.jpg, C:\Deep-Learning\Finalproject\track2\IMG\left_2019_05_11_22_00_56_112.jpg, C:\Deep-Learning\Finalproject\track2\IMG\right_2019_05_11_22_00_56_112.jpg, 0, 0, 0, 0.0001143557
C:\Deep-Learning\Finalproject\track2\IMG\center_2019_05_11_22_00_56_213.jpg, C:\Deep-Learning\Finalproject\track2\IMG\left_2019_05_11_22_00_56_213.jpg, C:\Deep-Learning\Finalproject\track2\IMG\right_2019_05_11_22_00_56_213.jpg, 0, 0, 0, 0.0001261751
C:\Deep-Learning\Finalproject\track2\IMG\center_2019_05_11_22_00_56_323.jpg, C:\Deep-Learning\Finalproject\track2\IMG\left_2019_05_11_22_00_56_323.jpg, C:\Deep-Learning\Finalproject\track2\IMG\right_2019_05_11_22_00_56_323.jpg, 0, 0, 0, 9.536523E-05
C:\Deep-Learning\Finalproject\track2\IMG\center_2019_05_11_22_00_56_433.jpg, C:\Deep-Learning\Finalproject\track2\IMG\left_2019_05_11_22_00_56_433.jpg, C:\Deep-Learning\Finalproject\track2\IMG\right_2019_05_11_22_00_56_433.jpg, 0, 0, 0, 9.849003E-05
C:\Deep-Learning\Finalproject\track2\IMG\center_2019_05_11_22_00_56_545.jpg, C:\Deep-Learning\Finalproject\track2\IMG\left_2019_05_11_22_00_56_545.jpg, C:\Deep-Learning\Finalproject\track2\IMG\right_2019_05_11_22_00_56_545.jpg, 0, 0, 0, 0.0001342875
C:\Deep-Learning\Finalproject\track2\IMG\center_2019_05_11_22_00_56_651.jpg, C:\Deep-Learning\Finalproject\track2\IMG\left_2019_05_11_22_00_56_651.jpg, C:\Deep-Learning\Finalproject\track2\IMG\right_2019_05_11_22_00_56_651.jpg, 0, 0, 0, 0.0001055098
C:\Deep-Learning\Finalproject\track2\IMG\center_2019_05_11_22_00_56_753.jpg, C:\Deep-Learning\Finalproject\track2\IMG\left_2019_05_11_22_00_56_753.jpg, C:\Deep-Learning\Finalproject\track2\IMG\right_2019_05_11_22_00_56_753.jpg, 0, 0, 0, 0.0001035122
C:\Deep-Learning\Finalproject\track2\IMG\center_2019_05_11_22_00_56_865.jpg, C:\Deep-Learning\Finalproject\track2\IMG\left_2019_05_11_22_00_56_865.jpg, C:\Deep-Learning\Finalproject\track2\IMG\right_2019_05_11_22_00_56_865.jpg, 0, 0, 0, 0.000130749
C:\Deep-Learning\Finalproject\track2\IMG\center_2019_05_11_22_00_56_967.jpg, C:\Deep-Learning\Finalproject\track2\IMG\left_2019_05_11_22_00_56_967.jpg, C:\Deep-Learning\Finalproject\track2\IMG\right_2019_05_11_22_00_56_967.jpg, 0, 0, 0, 0.0001303753
C:\Deep-Learning\Finalproject\track2\IMG\center_2019_05_11_22_00_57_072.jpg, C:\Deep-Learning\Finalproject\track2\IMG\left_2019_05_11_22_00_57_072.jpg, C:\Deep-Learning\Finalproject\track2\IMG\right_2019_05_11_22_00_57_072.jpg, 0, 0, 0, 0.0001015269
C:\Deep-Learning\Finalproject\track2\IMG\center_2019_05_11_22_00_57_182.jpg, C:\Deep-Learning\Finalproject\track2\IMG\left_2019_05_11_22_00_57_182.jpg, C:\Deep-Learning\Finalproject\track2\IMG\right_2019_05_11_22_00_57_182.jpg, 0, 0, 0, 9.525244E-05
C:\Deep-Learning\Finalproject\track2\IMG\center_2019_05_11_22_00_57_286.jpg, C:\Deep-Learning\Finalproject\track2\IMG\left_2019_05_11_22_00_57_286.jpg, C:\Deep-Learning\Finalproject\track2\IMG\right_2019_05_11_22_00_57_286.jpg, 0, 0, 0, 9.871401E-05
C:\Deep-Learning\Finalproject\track2\IMG\center_2019_05_11_22_00_57_398.jpg, C:\Deep-Learning\Finalproject\track2\IMG\left_2019_05_11_22_00_57_398.jpg, C:\Deep-Learning\Finalproject\track2\IMG\right_2019_05_11_22_00_57_398.jpg, 0, 0, 0, 9.730896E-05
C:\Deep-Learning\Finalproject\track2\IMG\center_2019_05_11_22_00_57_503.jpg, C:\Deep-Learning\Finalproject\track2\IMG\left_2019_05_11_22_00_57_503.jpg, C:\Deep-Learning\Finalproject\track2\IMG\right_2019_05_11_22_00_57_503.jpg, 0, 0, 0, 0.0001284339
C:\Deep-Learning\Finalproject\track2\IMG\center_2019_05_11_22_00_57_614.jpg, C:\Deep-Learning\Finalproject\track2\IMG\left_2019_05_11_22_00_57_614.jpg, C:\Deep-Learning\Finalproject\track2\IMG\right_2019_05_11_22_00_57_614.jpg, 0, 0, 0, 9.616237E-05
C:\Deep-Learning\Finalproject\track2\IMG\center_2019_05_11_22_00_57_722.jpg, C:\Deep-Learning\Finalproject\track2\IMG\left_2019_05_11_22_00_57_722.jpg, C:\Deep-Learning\Finalproject\track2\IMG\right_2019_05_11_22_00_57_722.jpg, 0, 0, 0, 0.0001503023
C:\Deep-Learning\Finalproject\track2\IMG\center_2019_05_11_22_00_57_827.jpg, C:\Deep-Learning\Finalproject\track2\IMG\left_2019_05_11_22_00_57_827.jpg, C:\Deep-Learning\Finalproject\track2\IMG\right_2019_05_11_22_00_57_827.jpg, 0, 0, 0, 0.0001114736
C:\Deep-Learning\Finalproject\track2\IMG\center_2019_05_11_22_00_57_935.jpg, C:\Deep-Learning\Finalproject\track2\IMG\left_2019_05_11_22_00_57_935.jpg, C:\Deep-Learning\Finalproject\track2\IMG\right_2019_05_11_22_00_57_935.jpg, 0, 0, 0, 0.0001073132
C:\Deep-Learning\Finalproject\track2\IMG\center_2019_05_11_22_00_58_039.jpg, C:\Deep-Learning\Finalproject\track2\IMG\left_2019_05_11_22_00_58_039.jpg, C:\Deep-Learning\Finalproject\track2\IMG\right_2019_05_11_22_00_58_039.jpg, 0, 0, 0, 0.0001103534
C:\Deep-Learning\Finalproject\track2\IMG\center_2019_05_11_22_00_58_150.jpg, C:\Deep-Learning\Finalproject\track2\IMG\left_2019_05_11_22_00_58_150.jpg, C:\Deep-Learning\Finalproject\track2\IMG\right_2019_05_11_22_00_58_150.jpg, 0, 0, 0, 0.0001242669
C:\Deep-Learning\Finalproject\track2\IMG\center_2019_05_11_22_00_58_255.jpg, C:\Deep-Learning\Finalproject\track2\IMG\left_2019_05_11_22_00_58_255.jpg, C:\Deep-Learning\Finalproject\track2\IMG\right_2019_05_11_22_00_58_255.jpg, 0, 0, 0, 9.810865E-05
C:\Deep-Learning\Finalproject\track2\IMG\center_2019_05_11_22_00_58_364.jpg, C:\Deep-Learning\Finalproject\track2\IMG\left_2019_05_11_22_00_58_364.jpg, C:\Deep-Learning\Finalproject\track2\IMG\right_2019_05_11_22_00_58_364.jpg, 0, 0, 0, 0.0001243044
C:\Deep-Learning\Finalproject\track2\IMG\center_2019_05_11_22_00_58_470.jpg, C:\Deep-Learning\Finalproject\track2\IMG\left_2019_05_11_22_00_58_470.jpg, C:\Deep-Learning\Finalproject\track2\IMG\right_2019_05_11_22_00_58_470.jpg, 0, 0, 0, 0.0001202306
C:\Deep-Learning\Finalproject\track2\IMG\center_2019_05_11_22_00_58_576.jpg, C:\Deep-Learning\Finalproject\track2\IMG\left_2019_05_11_22_00_58_576.jpg, C:\Deep-Learning\Finalproject\track2\IMG\right_2019_05_11_22_00_58_576.jpg, 0, 0, 0, 0.0001006039
C:\Deep-Learning\Finalproject\track2\IMG\center_2019_05_11_22_00_58_684.jpg, C:\Deep-Learning\Finalproject\track2\IMG\left_2019_05_11_22_00_58_684.jpg, C:\Deep-Learning\Finalproject\track2\IMG\right_2019_05_11_22_00_58_684.jpg, 0, 0, 0, 9.5533E-05
C:\Deep-Learning\Finalproject\track2\IMG\center_2019_05_11_22_00_58_787.jpg, C:\Deep-Learning\Finalproject\track2\IMG\left_2019_05_11_22_00_58_787.jpg, C:\Deep-Learning\Finalproject\track2\IMG\right_2019_05_11_22_00_58_787.jpg, 0, 0, 0, 9.696018E-05
C:\Deep-Learning\Finalproject\track2\IMG\center_2019_05_11_22_00_58_892.jpg, C:\Deep-Learning\Finalproject\track2\IMG\left_2019_05_11_22_00_58_892.jpg, C:\Deep-Learning\Finalproject\track2\IMG\right_2019_05_11_22_00_58_892.jpg, 0, 0, 0, 0.0001023164
C:\Deep-Learning\Finalproject\track2\IMG\center_2019_05_11_22_00_58_995.jpg, C:\Deep-Learning\Finalproject\track2\IMG\left_2019_05_11_22_00_58_995.jpg, C:\Deep-Learning\Finalproject\track2\IMG\right_2019_05_11_22_00_58_995.jpg, 0, 0, 0, 9.499778E-05
C:\Deep-Learning\Finalproject\track2\IMG\center_2019_05_11_22_00_59_098.jpg, C:\Deep-Learning\Finalproject\track2\IMG\left_2019_05_11_22_00_59_098.jpg, C:\Deep-Learning\Finalproject\track2\IMG\right_2019_05_11_22_00_59_098.jpg, 0, 0, 0, 0.0001066334
C:\Deep-Learning\Finalproject\track2\IMG\center_2019_05_11_22_00_59_204.jpg, C:\Deep-Learning\Finalproject\track2\IMG\left_2019_05_11_22_00_59_204.jpg, C:\Deep-Learning\Finalproject\track2\IMG\right_2019_05_11_22_00_59_204.jpg, 0, 0, 0, 0.0001356393
C:\Deep-Learning\Finalproject\track2\IMG\center_2019_05_11_22_00_59_309.jpg, C:\Deep-Learning\Finalproject\track2\IMG\left_2019_05_11_22_00_59_309.jpg, C:\Deep-Learning\Finalproject\track2\IMG\right_2019_05_11_22_00_59_309.jpg, 0, 0, 0, 9.560353E-05
C:\Deep-Learning\Finalproject\track2\IMG\center_2019_05_11_22_00_59_418.jpg, C:\Deep-Learning\Finalproject\track2\IMG\left_2019_05_11_22_00_59_418.jpg, C:\Deep-Learning\Finalproject\track2\IMG\right_2019_05_11_22_00_59_418.jpg, 0, 0, 0, 0.0001247429
C:\Deep-Learning\Finalproject\track2\IMG\center_2019_05_11_22_00_59_528.jpg, C:\Deep-Learning\Finalproject\track2\IMG\left_2019_05_11_22_00_59_528.jpg, C:\Deep-Learning\Finalproject\track2\IMG\right_2019_05_11_22_00_59_528.jpg, 0, 0, 0, 0.0001251952
C:\Deep-Learning\Finalproject\track2\IMG\center_2019_05_11_22_00_59_638.jpg, C:\Deep-Learning\Finalproject\track2\IMG\left_2019_05_11_22_00_59_638.jpg, C:\Deep-Learning\Finalproject\track2\IMG\right_2019_05_11_22_00_59_638.jpg, 0, 0, 0, 0.0001159914
C:\Deep-Learning\Finalproject\track2\IMG\center_2019_05_11_22_00_59_747.jpg, C:\Deep-Learning\Finalproject\track2\IMG\left_2019_05_11_22_00_59_747.jpg, C:\Deep-Learning\Finalproject\track2\IMG\right_2019_05_11_22_00_59_747.jpg, 0, 0, 0, 0.0001081443
C:\Deep-Learning\Finalproject\track2\IMG\center_2019_05_11_22_00_59_850.jpg, C:\Deep-Learning\Finalproject\track2\IMG\left_2019_05_11_22_00_59_850.jpg, C:\Deep-Learning\Finalproject\track2\IMG\right_2019_05_11_22_00_59_850.jpg, 0, 0, 0, 9.634549E-05
C:\Deep-Learning\Finalproject\track2\IMG\center_2019_05_11_22_00_59_955.jpg, C:\Deep-Learning\Finalproject\track2\IMG\left_2019_05_11_22_00_59_955.jpg, C:\Deep-Learning\Finalproject\track2\IMG\right_2019_05_11_22_00_59_955.jpg, 0, 0, 0, 0.0001219014
C:\Deep-Learning\Finalproject\track2\IMG\center_2019_05_11_22_01_00_067.jpg, C:\Deep-Learning\Finalproject\track2\IMG\left_2019_05_11_22_01_00_067.jpg, C:\Deep-Learning\Finalproject\track2\IMG\right_2019_05_11_22_01_00_067.jpg, 0, 0, 0, 0.0001000123
C:\Deep-Learning\Finalproject\track2\IMG\center_2019_05_11_22_01_00_167.jpg, C:\Deep-Learning\Finalproject\track2\IMG\left_2019_05_11_22_01_00_167.jpg, C:\Deep-Learning\Finalproject\track2\IMG\right_2019_05_11_22_01_00_167.jpg, 0, 0, 0, 9.518674E-05
C:\Deep-Learning\Finalproject\track2\IMG\center_2019_05_11_22_01_00_268.jpg, C:\Deep-Learning\Finalproject\track2\IMG\left_2019_05_11_22_01_00_268.jpg, C:\Deep-Learning\Finalproject\track2\IMG\right_2019_05_11_22_01_00_268.jpg, 0, 0, 0, 0.0001154474
C:\Deep-Learning\Finalproject\track2\IMG\center_2019_05_11_22_01_00_369.jpg, C:\Deep-Learning\Finalproject\track2\IMG\left_2019_05_11_22_01_00_369.jpg, C:\Deep-Learning\Finalproject\track2\IMG\right_2019_05_11_22_01_00_369.jpg, 0, 0, 0, 9.571378E-05
C:\Deep-Learning\Finalproject\track2\IMG\center_2019_05_11_22_01_00_472.jpg, C:\Deep-Learning\Finalproject\track2\IMG\left_2019_05_11_22_01_00_472.jpg, C:\Deep-Learning\Finalproject\track2\IMG\right_2019_05_11_22_01_00_472.jpg, 0, 0, 0, 0.0001094055
C:\Deep-Learning\Finalproject\track2\IMG\center_2019_05_11_22_01_00_583.jpg, C:\Deep-Learning\Finalproject\track2\IMG\left_2019_05_11_22_01_00_583.jpg, C:\Deep-Learning\Finalproject\track2\IMG\right_2019_05_11_22_01_00_583.jpg, 0, 0, 0, 0.0001142466
C:\Deep-Learning\Finalproject\track2\IMG\center_2019_05_11_22_01_00_690.jpg, C:\Deep-Learning\Finalproject\track2\IMG\left_2019_05_11_22_01_00_690.jpg, C:\Deep-Learning\Finalproject\track2\IMG\right_2019_05_11_22_01_00_690.jpg, 0, 0, 0, 9.789217E-05
C:\Deep-Learning\Finalproject\track2\IMG\center_2019_05_11_22_01_00_793.jpg, C:\Deep-Learning\Finalproject\track2\IMG\left_2019_05_11_22_01_00_793.jpg, C:\Deep-Learning\Finalproject\track2\IMG\right_2019_05_11_22_01_00_793.jpg, 0, 0, 0, 0.0001073914
C:\Deep-Learning\Finalproject\track2\IMG\center_2019_05_11_22_01_00_899.jpg, C:\Deep-Learning\Finalproject\track2\IMG\left_2019_05_11_22_01_00_899.jpg, C:\Deep-Learning\Finalproject\track2\IMG\right_2019_05_11_22_01_00_899.jpg, 0, 0, 0, 9.539237E-05
C:\Deep-Learning\Finalproject\track2\IMG\center_2019_05_11_22_01_01_001.jpg, C:\Deep-Learning\Finalproject\track2\IMG\left_2019_05_11_22_01_01_001.jpg, C:\Deep-Learning\Finalproject\track2\IMG\right_2019_05_11_22_01_01_001.jpg, 0, 0, 0, 9.823394E-05
C:\Deep-Learning\Finalproject\track2\IMG\center_2019_05_11_22_01_01_103.jpg, C:\Deep-Learning\Finalproject\track2\IMG\left_2019_05_11_22_01_01_103.jpg, C:\Deep-Learning\Finalproject\track2\IMG\right_2019_05_11_22_01_01_103.jpg, 0, 0, 0, 0.0001035705
C:\Deep-Learning\Finalproject\track2\IMG\center_2019_05_11_22_01_01_215.jpg, C:\Deep-Learning\Finalproject\track2\IMG\left_2019_05_11_22_01_01_215.jpg, C:\Deep-Learning\Finalproject\track2\IMG\right_2019_05_11_22_01_01_215.jpg, 0, 0, 0, 0.0001049547
C:\Deep-Learning\Finalproject\track2\IMG\center_2019_05_11_22_01_01_317.jpg, C:\Deep-Learning\Finalproject\track2\IMG\left_2019_05_11_22_01_01_317.jpg, C:\Deep-Learning\Finalproject\track2\IMG\right_2019_05_11_22_01_01_317.jpg, 0, 0, 0, 9.572458E-05
C:\Deep-Learning\Finalproject\track2\IMG\center_2019_05_11_22_01_01_426.jpg, C:\Deep-Learning\Finalproject\track2\IMG\left_2019_05_11_22_01_01_426.jpg, C:\Deep-Learning\Finalproject\track2\IMG\right_2019_05_11_22_01_01_426.jpg, 0, 0, 0, 9.765931E-05
C:\Deep-Learning\Finalproject\track2\IMG\center_2019_05_11_22_01_01_534.jpg, C:\Deep-Learning\Finalproject\track2\IMG\left_2019_05_11_22_01_01_534.jpg, C:\Deep-Learning\Finalproject\track2\IMG\right_2019_05_11_22_01_01_534.jpg, 0, 0, 0, 9.531504E-05
C:\Deep-Learning\Finalproject\track2\IMG\center_2019_05_11_22_01_01_634.jpg, C:\Deep-Learning\Finalproject\track2\IMG\left_2019_05_11_22_01_01_634.jpg, C:\Deep-Learning\Finalproject\track2\IMG\right_2019_05_11_22_01_01_634.jpg, 0, 0, 0, 0.0001113429
C:\Deep-Learning\Finalproject\track2\IMG\center_2019_05_11_22_01_01_738.jpg, C:\Deep-Learning\Finalproject\track2\IMG\left_2019_05_11_22_01_01_738.jpg, C:\Deep-Learning\Finalproject\track2\IMG\right_2019_05_11_22_01_01_738.jpg, 0, 0, 0, 0.0001058922
C:\Deep-Learning\Finalproject\track2\IMG\center_2019_05_11_22_01_01_847.jpg, C:\Deep-Learning\Finalproject\track2\IMG\left_2019_05_11_22_01_01_847.jpg, C:\Deep-Learning\Finalproject\track2\IMG\right_2019_05_11_22_01_01_847.jpg, 0, 0, 0, 9.679236E-05
C:\Deep-Learning\Finalproject\track2\IMG\center_2019_05_11_22_01_01_957.jpg, C:\Deep-Learning\Finalproject\track2\IMG\left_2019_05_11_22_01_01_957.jpg, C:\Deep-Learning\Finalproject\track2\IMG\right_2019_05_11_22_01_01_957.jpg, 0, 0, 0, 9.875052E-05
C:\Deep-Learning\Finalproject\track2\IMG\center_2019_05_11_22_01_02_059.jpg, C:\Deep-Learning\Finalproject\track2\IMG\left_2019_05_11_22_01_02_059.jpg, C:\Deep-Learning\Finalproject\track2\IMG\right_2019_05_11_22_01_02_059.jpg, 0, 0, 0, 9.452389E-05
C:\Deep-Learning\Finalproject\track2\IMG\center_2019_05_11_22_01_02_162.jpg, C:\Deep-Learning\Finalproject\track2\IMG\left_2019_05_11_22_01_02_162.jpg, C:\Deep-Learning\Finalproject\track2\IMG\right_2019_05_11_22_01_02_162.jpg, 0, 0, 0, 9.690805E-05
C:\Deep-Learning\Finalproject\track2\IMG\center_2019_05_11_22_01_02_271.jpg, C:\Deep-Learning\Finalproject\track2\IMG\left_2019_05_11_22_01_02_271.jpg, C:\Deep-Learning\Finalproject\track2\IMG\right_2019_05_11_22_01_02_271.jpg, 0, 0, 0, 0.0001284328
C:\Deep-Learning\Finalproject\track2\IMG\center_2019_05_11_22_01_02_378.jpg, C:\Deep-Learning\Finalproject\track2\IMG\left_2019_05_11_22_01_02_378.jpg, C:\Deep-Learning\Finalproject\track2\IMG\right_2019_05_11_22_01_02_378.jpg, 0, 0, 0, 0.0001032311
C:\Deep-Learning\Finalproject\track2\IMG\center_2019_05_11_22_01_02_480.jpg, C:\Deep-Learning\Finalproject\track2\IMG\left_2019_05_11_22_01_02_480.jpg, C:\Deep-Learning\Finalproject\track2\IMG\right_2019_05_11_22_01_02_480.jpg, 0, 0, 0, 9.659093E-05
C:\Deep-Learning\Finalproject\track2\IMG\center_2019_05_11_22_01_02_582.jpg, C:\Deep-Learning\Finalproject\track2\IMG\left_2019_05_11_22_01_02_582.jpg, C:\Deep-Learning\Finalproject\track2\IMG\right_2019_05_11_22_01_02_582.jpg, 0, 0, 0, 9.448095E-05
C:\Deep-Learning\Finalproject\track2\IMG\center_2019_05_11_22_01_02_687.jpg, C:\Deep-Learning\Finalproject\track2\IMG\left_2019_05_11_22_01_02_687.jpg, C:\Deep-Learning\Finalproject\track2\IMG\right_2019_05_11_22_01_02_687.jpg, 0, 0, 0, 0.0001304095
C:\Deep-Learning\Finalproject\track2\IMG\center_2019_05_11_22_01_02_799.jpg, C:\Deep-Learning\Finalproject\track2\IMG\left_2019_05_11_22_01_02_799.jpg, C:\Deep-Learning\Finalproject\track2\IMG\right_2019_05_11_22_01_02_799.jpg, 0, 0, 0, 9.652135E-05
C:\Deep-Learning\Finalproject\track2\IMG\center_2019_05_11_22_01_02_904.jpg, C:\Deep-Learning\Finalproject\track2\IMG\left_2019_05_11_22_01_02_904.jpg, C:\Deep-Learning\Finalproject\track2\IMG\right_2019_05_11_22_01_02_904.jpg, 0, 0, 0, 9.521851E-05
C:\Deep-Learning\Finalproject\track2\IMG\center_2019_05_11_22_01_03_016.jpg, C:\Deep-Learning\Finalproject\track2\IMG\left_2019_05_11_22_01_03_016.jpg, C:\Deep-Learning\Finalproject\track2\IMG\right_2019_05_11_22_01_03_016.jpg, 0, 0, 0, 0.0001115093
C:\Deep-Learning\Finalproject\track2\IMG\center_2019_05_11_22_01_03_120.jpg, C:\Deep-Learning\Finalproject\track2\IMG\left_2019_05_11_22_01_03_120.jpg, C:\Deep-Learning\Finalproject\track2\IMG\right_2019_05_11_22_01_03_120.jpg, 0, 0, 0, 0.0001122351
C:\Deep-Learning\Finalproject\track2\IMG\center_2019_05_11_22_01_03_228.jpg, C:\Deep-Learning\Finalproject\track2\IMG\left_2019_05_11_22_01_03_228.jpg, C:\Deep-Learning\Finalproject\track2\IMG\right_2019_05_11_22_01_03_228.jpg, 0, 0, 0, 0.0001020949
C:\Deep-Learning\Finalproject\track2\IMG\center_2019_05_11_22_01_03_332.jpg, C:\Deep-Learning\Finalproject\track2\IMG\left_2019_05_11_22_01_03_332.jpg, C:\Deep-Learning\Finalproject\track2\IMG\right_2019_05_11_22_01_03_332.jpg, 0, 0, 0, 9.85182E-05
C:\Deep-Learning\Finalproject\track2\IMG\center_2019_05_11_22_01_03_433.jpg, C:\Deep-Learning\Finalproject\track2\IMG\left_2019_05_11_22_01_03_433.jpg, C:\Deep-Learning\Finalproject\track2\IMG\right_2019_05_11_22_01_03_433.jpg, 0, 0, 0, 9.61996E-05
C:\Deep-Learning\Finalproject\track2\IMG\center_2019_05_11_22_01_03_544.jpg, C:\Deep-Learning\Finalproject\track2\IMG\left_2019_05_11_22_01_03_544.jpg, C:\Deep-Learning\Finalproject\track2\IMG\right_2019_05_11_22_01_03_544.jpg, 0, 0, 0, 0.0001336315
C:\Deep-Learning\Finalproject\track2\IMG\center_2019_05_11_22_01_03_644.jpg, C:\Deep-Learning\Finalproject\track2\IMG\left_2019_05_11_22_01_03_644.jpg, C:\Deep-Learning\Finalproject\track2\IMG\right_2019_05_11_22_01_03_644.jpg, 0, 0, 0, 9.519309E-05
C:\Deep-Learning\Finalproject\track2\IMG\center_2019_05_11_22_01_03_755.jpg, C:\Deep-Learning\Finalproject\track2\IMG\left_2019_05_11_22_01_03_755.jpg, C:\Deep-Learning\Finalproject\track2\IMG\right_2019_05_11_22_01_03_755.jpg, 0, 0, 0, 9.70723E-05
C:\Deep-Learning\Finalproject\track2\IMG\center_2019_05_11_22_01_03_863.jpg, C:\Deep-Learning\Finalproject\track2\IMG\left_2019_05_11_22_01_03_863.jpg, C:\Deep-Learning\Finalproject\track2\IMG\right_2019_05_11_22_01_03_863.jpg, 0, 0, 0, 0.0001061215
C:\Deep-Learning\Finalproject\track2\IMG\center_2019_05_11_22_01_03_975.jpg, C:\Deep-Learning\Finalproject\track2\IMG\left_2019_05_11_22_01_03_975.jpg, C:\Deep-Learning\Finalproject\track2\IMG\right_2019_05_11_22_01_03_975.jpg, 0, 0, 0, 0.0001004908
C:\Deep-Learning\Finalproject\track2\IMG\center_2019_05_11_22_01_04_080.jpg, C:\Deep-Learning\Finalproject\track2\IMG\left_2019_05_11_22_01_04_080.jpg, C:\Deep-Learning\Finalproject\track2\IMG\right_2019_05_11_22_01_04_080.jpg, 0, 0, 0, 9.773313E-05
C:\Deep-Learning\Finalproject\track2\IMG\center_2019_05_11_22_01_04_192.jpg, C:\Deep-Learning\Finalproject\track2\IMG\left_2019_05_11_22_01_04_192.jpg, C:\Deep-Learning\Finalproject\track2\IMG\right_2019_05_11_22_01_04_192.jpg, 0, 0, 0, 9.682385E-05
C:\Deep-Learning\Finalproject\track2\IMG\center_2019_05_11_22_01_04_297.jpg, C:\Deep-Learning\Finalproject\track2\IMG\left_2019_05_11_22_01_04_297.jpg, C:\Deep-Learning\Finalproject\track2\IMG\right_2019_05_11_22_01_04_297.jpg, 0, 0, 0, 0.000110071
C:\Deep-Learning\Finalproject\track2\IMG\center_2019_05_11_22_01_04_399.jpg, C:\Deep-Learning\Finalproject\track2\IMG\left_2019_05_11_22_01_04_399.jpg, C:\Deep-Learning\Finalproject\track2\IMG\right_2019_05_11_22_01_04_399.jpg, 0, 0, 0, 9.75206E-05
C:\Deep-Learning\Finalproject\track2\IMG\center_2019_05_11_22_01_04_501.jpg, C:\Deep-Learning\Finalproject\track2\IMG\left_2019_05_11_22_01_04_501.jpg, C:\Deep-Learning\Finalproject\track2\IMG\right_2019_05_11_22_01_04_501.jpg, 0, 0, 0, 0.0001072113
C:\Deep-Learning\Finalproject\track2\IMG\center_2019_05_11_22_01_04_607.jpg, C:\Deep-Learning\Finalproject\track2\IMG\left_2019_05_11_22_01_04_607.jpg, C:\Deep-Learning\Finalproject\track2\IMG\right_2019_05_11_22_01_04_607.jpg, 0, 0, 0, 0.000108469
C:\Deep-Learning\Finalproject\track2\IMG\center_2019_05_11_22_01_04_713.jpg, C:\Deep-Learning\Finalproject\track2\IMG\left_2019_05_11_22_01_04_713.jpg, C:\Deep-Learning\Finalproject\track2\IMG\right_2019_05_11_22_01_04_713.jpg, 0, 0, 0, 9.650932E-05
C:\Deep-Learning\Finalproject\track2\IMG\center_2019_05_11_22_01_04_814.jpg, C:\Deep-Learning\Finalproject\track2\IMG\left_2019_05_11_22_01_04_814.jpg, C:\Deep-Learning\Finalproject\track2\IMG\right_2019_05_11_22_01_04_814.jpg, 0, 0, 0, 0.0001226395
C:\Deep-Learning\Finalproject\track2\IMG\center_2019_05_11_22_01_04_925.jpg, C:\Deep-Learning\Finalproject\track2\IMG\left_2019_05_11_22_01_04_925.jpg, C:\Deep-Learning\Finalproject\track2\IMG\right_2019_05_11_22_01_04_925.jpg, 0, 0, 0, 0.0001035373
C:\Deep-Learning\Finalproject\track2\IMG\center_2019_05_11_22_01_05_026.jpg, C:\Deep-Learning\Finalproject\track2\IMG\left_2019_05_11_22_01_05_026.jpg, C:\Deep-Learning\Finalproject\track2\IMG\right_2019_05_11_22_01_05_026.jpg, 0, 0, 0, 9.716098E-05
C:\Deep-Learning\Finalproject\track2\IMG\center_2019_05_11_22_01_05_131.jpg, C:\Deep-Learning\Finalproject\track2\IMG\left_2019_05_11_22_01_05_131.jpg, C:\Deep-Learning\Finalproject\track2\IMG\right_2019_05_11_22_01_05_131.jpg, 0, 0, 0, 9.917952E-05
C:\Deep-Learning\Finalproject\track2\IMG\center_2019_05_11_22_01_05_241.jpg, C:\Deep-Learning\Finalproject\track2\IMG\left_2019_05_11_22_01_05_241.jpg, C:\Deep-Learning\Finalproject\track2\IMG\right_2019_05_11_22_01_05_241.jpg, 0, 0, 0, 9.675831E-05
C:\Deep-Learning\Finalproject\track2\IMG\center_2019_05_11_22_01_05_348.jpg, C:\Deep-Learning\Finalproject\track2\IMG\left_2019_05_11_22_01_05_348.jpg, C:\Deep-Learning\Finalproject\track2\IMG\right_2019_05_11_22_01_05_348.jpg, 0, 0, 0, 9.662186E-05
C:\Deep-Learning\Finalproject\track2\IMG\center_2019_05_11_22_01_05_458.jpg, C:\Deep-Learning\Finalproject\track2\IMG\left_2019_05_11_22_01_05_458.jpg, C:\Deep-Learning\Finalproject\track2\IMG\right_2019_05_11_22_01_05_458.jpg, 0, 0, 0, 9.820292E-05
C:\Deep-Learning\Finalproject\track2\IMG\center_2019_05_11_22_01_05_563.jpg, C:\Deep-Learning\Finalproject\track2\IMG\left_2019_05_11_22_01_05_563.jpg, C:\Deep-Learning\Finalproject\track2\IMG\right_2019_05_11_22_01_05_563.jpg, 0, 0, 0, 9.579414E-05
C:\Deep-Learning\Finalproject\track2\IMG\center_2019_05_11_22_01_05_664.jpg, C:\Deep-Learning\Finalproject\track2\IMG\left_2019_05_11_22_01_05_664.jpg, C:\Deep-Learning\Finalproject\track2\IMG\right_2019_05_11_22_01_05_664.jpg, 0, 0, 0, 9.625478E-05
C:\Deep-Learning\Finalproject\track2\IMG\center_2019_05_11_22_01_05_767.jpg, C:\Deep-Learning\Finalproject\track2\IMG\left_2019_05_11_22_01_05_767.jpg, C:\Deep-Learning\Finalproject\track2\IMG\right_2019_05_11_22_01_05_767.jpg, 0, 0, 0, 9.443197E-05
C:\Deep-Learning\Finalproject\track2\IMG\center_2019_05_11_22_01_05_868.jpg, C:\Deep-Learning\Finalproject\track2\IMG\left_2019_05_11_22_01_05_868.jpg, C:\Deep-Learning\Finalproject\track2\IMG\right_2019_05_11_22_01_05_868.jpg, 0, 0, 0, 9.765965E-05
C:\Deep-Learning\Finalproject\track2\IMG\center_2019_05_11_22_01_05_977.jpg, C:\Deep-Learning\Finalproject\track2\IMG\left_2019_05_11_22_01_05_977.jpg, C:\Deep-Learning\Finalproject\track2\IMG\right_2019_05_11_22_01_05_977.jpg, 0, 0, 0, 9.738649E-05
C:\Deep-Learning\Finalproject\track2\IMG\center_2019_05_11_22_01_06_079.jpg, C:\Deep-Learning\Finalproject\track2\IMG\left_2019_05_11_22_01_06_079.jpg, C:\Deep-Learning\Finalproject\track2\IMG\right_2019_05_11_22_01_06_079.jpg, 0, 0, 0, 0.0001021281
C:\Deep-Learning\Finalproject\track2\IMG\center_2019_05_11_22_01_06_184.jpg, C:\Deep-Learning\Finalproject\track2\IMG\left_2019_05_11_22_01_06_184.jpg, C:\Deep-Learning\Finalproject\track2\IMG\right_2019_05_11_22_01_06_184.jpg, 0, 0, 0, 0.0001117982
C:\Deep-Learning\Finalproject\track2\IMG\center_2019_05_11_22_01_06_296.jpg, C:\Deep-Learning\Finalproject\track2\IMG\left_2019_05_11_22_01_06_296.jpg, C:\Deep-Learning\Finalproject\track2\IMG\right_2019_05_11_22_01_06_296.jpg, 0, 0, 0, 0.0001100104
C:\Deep-Learning\Finalproject\track2\IMG\center_2019_05_11_22_01_06_566.jpg, C:\Deep-Learning\Finalproject\track2\IMG\left_2019_05_11_22_01_06_566.jpg, C:\Deep-Learning\Finalproject\track2\IMG\right_2019_05_11_22_01_06_566.jpg, 0, 0, 0, 0.0001163076
C:\Deep-Learning\Finalproject\track2\IMG\center_2019_05_11_22_01_06_674.jpg, C:\Deep-Learning\Finalproject\track2\IMG\left_2019_05_11_22_01_06_674.jpg, C:\Deep-Learning\Finalproject\track2\IMG\right_2019_05_11_22_01_06_674.jpg, 0, 0, 0, 9.827819E-05
C:\Deep-Learning\Finalproject\track2\IMG\center_2019_05_11_22_01_06_776.jpg, C:\Deep-Learning\Finalproject\track2\IMG\left_2019_05_11_22_01_06_776.jpg, C:\Deep-Learning\Finalproject\track2\IMG\right_2019_05_11_22_01_06_776.jpg, 0, 0, 0, 9.480929E-05
C:\Deep-Learning\Finalproject\track2\IMG\center_2019_05_11_22_01_06_883.jpg, C:\Deep-Learning\Finalproject\track2\IMG\left_2019_05_11_22_01_06_883.jpg, C:\Deep-Learning\Finalproject\track2\IMG\right_2019_05_11_22_01_06_883.jpg, 0, 0, 0, 9.972459E-05
C:\Deep-Learning\Finalproject\track2\IMG\center_2019_05_11_22_01_06_996.jpg, C:\Deep-Learning\Finalproject\track2\IMG\left_2019_05_11_22_01_06_996.jpg, C:\Deep-Learning\Finalproject\track2\IMG\right_2019_05_11_22_01_06_996.jpg, 0, 0, 0, 0.0001076299
C:\Deep-Learning\Finalproject\track2\IMG\center_2019_05_11_22_01_07_099.jpg, C:\Deep-Learning\Finalproject\track2\IMG\left_2019_05_11_22_01_07_099.jpg, C:\Deep-Learning\Finalproject\track2\IMG\right_2019_05_11_22_01_07_099.jpg, 0, 0, 0, 9.556999E-05
C:\Deep-Learning\Finalproject\track2\IMG\center_2019_05_11_22_01_07_210.jpg, C:\Deep-Learning\Finalproject\track2\IMG\left_2019_05_11_22_01_07_210.jpg, C:\Deep-Learning\Finalproject\track2\IMG\right_2019_05_11_22_01_07_210.jpg, 0, 0, 0, 0.0001028101
C:\Deep-Learning\Finalproject\track2\IMG\center_2019_05_11_22_01_07_317.jpg, C:\Deep-Learning\Finalproject\track2\IMG\left_2019_05_11_22_01_07_317.jpg, C:\Deep-Learning\Finalproject\track2\IMG\right_2019_05_11_22_01_07_317.jpg, 0, 0, 0, 9.869396E-05
C:\Deep-Learning\Finalproject\track2\IMG\center_2019_05_11_22_01_07_419.jpg, C:\Deep-Learning\Finalproject\track2\IMG\left_2019_05_11_22_01_07_419.jpg, C:\Deep-Learning\Finalproject\track2\IMG\right_2019_05_11_22_01_07_419.jpg, 0, 0, 0, 9.693434E-05
C:\Deep-Learning\Finalproject\track2\IMG\center_2019_05_11_22_01_07_524.jpg, C:\Deep-Learning\Finalproject\track2\IMG\left_2019_05_11_22_01_07_524.jpg, C:\Deep-Learning\Finalproject\track2\IMG\right_2019_05_11_22_01_07_524.jpg, 0, 0, 0, 9.637341E-05
C:\Deep-Learning\Finalproject\track2\IMG\center_2019_05_11_22_01_07_634.jpg, C:\Deep-Learning\Finalproject\track2\IMG\left_2019_05_11_22_01_07_634.jpg, C:\Deep-Learning\Finalproject\track2\IMG\right_2019_05_11_22_01_07_634.jpg, 0, 0, 0, 9.491295E-05
C:\Deep-Learning\Finalproject\track2\IMG\center_2019_05_11_22_01_07_741.jpg, C:\Deep-Learning\Finalproject\track2\IMG\left_2019_05_11_22_01_07_741.jpg, C:\Deep-Learning\Finalproject\track2\IMG\right_2019_05_11_22_01_07_741.jpg, 0, 0, 0, 9.588678E-05
C:\Deep-Learning\Finalproject\track2\IMG\center_2019_05_11_22_01_07_847.jpg, C:\Deep-Learning\Finalproject\track2\IMG\left_2019_05_11_22_01_07_847.jpg, C:\Deep-Learning\Finalproject\track2\IMG\right_2019_05_11_22_01_07_847.jpg, 0, 0, 0, 0.0001039528
C:\Deep-Learning\Finalproject\track2\IMG\center_2019_05_11_22_01_07_949.jpg, C:\Deep-Learning\Finalproject\track2\IMG\left_2019_05_11_22_01_07_949.jpg, C:\Deep-Learning\Finalproject\track2\IMG\right_2019_05_11_22_01_07_949.jpg, 0, 0, 0, 9.84807E-05
C:\Deep-Learning\Finalproject\track2\IMG\center_2019_05_11_22_01_08_051.jpg, C:\Deep-Learning\Finalproject\track2\IMG\left_2019_05_11_22_01_08_051.jpg, C:\Deep-Learning\Finalproject\track2\IMG\right_2019_05_11_22_01_08_051.jpg, 0, 0, 0, 0.0001001113
C:\Deep-Learning\Finalproject\track2\IMG\center_2019_05_11_22_01_08_152.jpg, C:\Deep-Learning\Finalproject\track2\IMG\left_2019_05_11_22_01_08_152.jpg, C:\Deep-Learning\Finalproject\track2\IMG\right_2019_05_11_22_01_08_152.jpg, 0, 0, 0, 9.787103E-05
C:\Deep-Learning\Finalproject\track2\IMG\center_2019_05_11_22_01_08_257.jpg, C:\Deep-Learning\Finalproject\track2\IMG\left_2019_05_11_22_01_08_257.jpg, C:\Deep-Learning\Finalproject\track2\IMG\right_2019_05_11_22_01_08_257.jpg, 0, 0, 0, 9.662042E-05
C:\Deep-Learning\Finalproject\track2\IMG\center_2019_05_11_22_01_08_359.jpg, C:\Deep-Learning\Finalproject\track2\IMG\left_2019_05_11_22_01_08_359.jpg, C:\Deep-Learning\Finalproject\track2\IMG\right_2019_05_11_22_01_08_359.jpg, 0, 0, 0, 0.0001093122
C:\Deep-Learning\Finalproject\track2\IMG\center_2019_05_11_22_01_08_460.jpg, C:\Deep-Learning\Finalproject\track2\IMG\left_2019_05_11_22_01_08_460.jpg, C:\Deep-Learning\Finalproject\track2\IMG\right_2019_05_11_22_01_08_460.jpg, 0, 0, 0, 9.661005E-05
C:\Deep-Learning\Finalproject\track2\IMG\center_2019_05_11_22_01_08_566.jpg, C:\Deep-Learning\Finalproject\track2\IMG\left_2019_05_11_22_01_08_566.jpg, C:\Deep-Learning\Finalproject\track2\IMG\right_2019_05_11_22_01_08_566.jpg, 0, 0, 0, 0.000103656
C:\Deep-Learning\Finalproject\track2\IMG\center_2019_05_11_22_01_08_678.jpg, C:\Deep-Learning\Finalproject\track2\IMG\left_2019_05_11_22_01_08_678.jpg, C:\Deep-Learning\Finalproject\track2\IMG\right_2019_05_11_22_01_08_678.jpg, 0, 0, 0, 0.000101942
C:\Deep-Learning\Finalproject\track2\IMG\center_2019_05_11_22_01_08_783.jpg, C:\Deep-Learning\Finalproject\track2\IMG\left_2019_05_11_22_01_08_783.jpg, C:\Deep-Learning\Finalproject\track2\IMG\right_2019_05_11_22_01_08_783.jpg, 0, 0, 0, 0.0001055214
C:\Deep-Learning\Finalproject\track2\IMG\center_2019_05_11_22_01_08_884.jpg, C:\Deep-Learning\Finalproject\track2\IMG\left_2019_05_11_22_01_08_884.jpg, C:\Deep-Learning\Finalproject\track2\IMG\right_2019_05_11_22_01_08_884.jpg, 0, 0, 0, 0.0001184579
C:\Deep-Learning\Finalproject\track2\IMG\center_2019_05_11_22_01_08_993.jpg, C:\Deep-Learning\Finalproject\track2\IMG\left_2019_05_11_22_01_08_993.jpg, C:\Deep-Learning\Finalproject\track2\IMG\right_2019_05_11_22_01_08_993.jpg, 0, 0, 0, 0.0001744249
C:\Deep-Learning\Finalproject\track2\IMG\center_2019_05_11_22_01_09_099.jpg, C:\Deep-Learning\Finalproject\track2\IMG\left_2019_05_11_22_01_09_099.jpg, C:\Deep-Learning\Finalproject\track2\IMG\right_2019_05_11_22_01_09_099.jpg, 0, 0, 0, 0.0001142808
C:\Deep-Learning\Finalproject\track2\IMG\center_2019_05_11_22_01_09_211.jpg, C:\Deep-Learning\Finalproject\track2\IMG\left_2019_05_11_22_01_09_211.jpg, C:\Deep-Learning\Finalproject\track2\IMG\right_2019_05_11_22_01_09_211.jpg, 0, 0, 0, 9.638137E-05
C:\Deep-Learning\Finalproject\track2\IMG\center_2019_05_11_22_01_09_319.jpg, C:\Deep-Learning\Finalproject\track2\IMG\left_2019_05_11_22_01_09_319.jpg, C:\Deep-Learning\Finalproject\track2\IMG\right_2019_05_11_22_01_09_319.jpg, 0, 0, 0, 9.837663E-05
C:\Deep-Learning\Finalproject\track2\IMG\center_2019_05_11_22_01_09_425.jpg, C:\Deep-Learning\Finalproject\track2\IMG\left_2019_05_11_22_01_09_425.jpg, C:\Deep-Learning\Finalproject\track2\IMG\right_2019_05_11_22_01_09_425.jpg, 0, 0, 0, 0.0001032788
C:\Deep-Learning\Finalproject\track2\IMG\center_2019_05_11_22_01_09_525.jpg, C:\Deep-Learning\Finalproject\track2\IMG\left_2019_05_11_22_01_09_525.jpg, C:\Deep-Learning\Finalproject\track2\IMG\right_2019_05_11_22_01_09_525.jpg, 0, 0, 0, 9.823272E-05
C:\Deep-Learning\Finalproject\track2\IMG\center_2019_05_11_22_01_09_628.jpg, C:\Deep-Learning\Finalproject\track2\IMG\left_2019_05_11_22_01_09_628.jpg, C:\Deep-Learning\Finalproject\track2\IMG\right_2019_05_11_22_01_09_628.jpg, 0, 0, 0, 0.0001195886
C:\Deep-Learning\Finalproject\track2\IMG\center_2019_05_11_22_01_09_729.jpg, C:\Deep-Learning\Finalproject\track2\IMG\left_2019_05_11_22_01_09_729.jpg, C:\Deep-Learning\Finalproject\track2\IMG\right_2019_05_11_22_01_09_729.jpg, 0, 0, 0, 9.587609E-05
C:\Deep-Learning\Finalproject\track2\IMG\center_2019_05_11_22_01_09_834.jpg, C:\Deep-Learning\Finalproject\track2\IMG\left_2019_05_11_22_01_09_834.jpg, C:\Deep-Learning\Finalproject\track2\IMG\right_2019_05_11_22_01_09_834.jpg, 0, 0, 0, 9.893928E-05
C:\Deep-Learning\Finalproject\track2\IMG\center_2019_05_11_22_01_09_946.jpg, C:\Deep-Learning\Finalproject\track2\IMG\left_2019_05_11_22_01_09_946.jpg, C:\Deep-Learning\Finalproject\track2\IMG\right_2019_05_11_22_01_09_946.jpg, 0, 0, 0, 0.0001528456
C:\Deep-Learning\Finalproject\track2\IMG\center_2019_05_11_22_01_10_056.jpg, C:\Deep-Learning\Finalproject\track2\IMG\left_2019_05_11_22_01_10_056.jpg, C:\Deep-Learning\Finalproject\track2\IMG\right_2019_05_11_22_01_10_056.jpg, 0, 0, 0, 0.0001020766
C:\Deep-Learning\Finalproject\track2\IMG\center_2019_05_11_22_01_10_165.jpg, C:\Deep-Learning\Finalproject\track2\IMG\left_2019_05_11_22_01_10_165.jpg, C:\Deep-Learning\Finalproject\track2\IMG\right_2019_05_11_22_01_10_165.jpg, 0, 0, 0, 0.0001389008
C:\Deep-Learning\Finalproject\track2\IMG\center_2019_05_11_22_01_10_273.jpg, C:\Deep-Learning\Finalproject\track2\IMG\left_2019_05_11_22_01_10_273.jpg, C:\Deep-Learning\Finalproject\track2\IMG\right_2019_05_11_22_01_10_273.jpg, 0, 0, 0, 9.605935E-05
C:\Deep-Learning\Finalproject\track2\IMG\center_2019_05_11_22_01_10_381.jpg, C:\Deep-Learning\Finalproject\track2\IMG\left_2019_05_11_22_01_10_381.jpg, C:\Deep-Learning\Finalproject\track2\IMG\right_2019_05_11_22_01_10_381.jpg, 0, 0, 0, 0.0001265294
C:\Deep-Learning\Finalproject\track2\IMG\center_2019_05_11_22_01_10_488.jpg, C:\Deep-Learning\Finalproject\track2\IMG\left_2019_05_11_22_01_10_488.jpg, C:\Deep-Learning\Finalproject\track2\IMG\right_2019_05_11_22_01_10_488.jpg, 0, 0, 0, 0.0001048206
